id,plateNumber,id,filename,description,adminComment,url
96f0feea-763c-42c7-832c-1248f66e1d57,EL-124-JX,d80c9274-3058-4f1c-ba01-7acbc9336067,PV.jpeg,Document incomplet ou non rempli,"Pv ARVAL: il manque l'immatriculation  + les informations du client dans la partie ""le conducteur""",https://admin-api.popvalet.com/qualities/doc/download/d80c9274-3058-4f1c-ba01-7acbc9336067/PV.jpeg
b22b9847-a54b-4313-8915-5233ba5f8aab,FK-494-PV,8ab0145e-a88d-44d2-81fe-b7223f06afe7,PV de reprise.pdf,"Absence date, mention, signature ou tampon","Bonjour, dans le Pv de restitution il manque le tampon et la signature dans la partie « le garage » merci de charger à nouveau le document une fois complété.
",https://admin-api.popvalet.com/qualities/doc/download/8ab0145e-a88d-44d2-81fe-b7223f06afe7/PV%20de%20reprise.pdf
ded88df4-b557-4ea9-b4c1-0ac9a443e45f,EW-109-AA,6b1fb562-6fb9-45d4-bab8-87d32d29306c,PV de reprise.pdf,Autre,"Bonjour,

La partie « conducteur » est réservé au client, c’est à lui de le remplir non au valet. Merci de rectifier le document et de le charger dans la mission. +  dans le Pv de restitution il manque le tampon dans la partie « le garage » merci de charger à nouveau le document une fois complété.",https://admin-api.popvalet.com/qualities/doc/download/6b1fb562-6fb9-45d4-bab8-87d32d29306c/PV%20de%20reprise.pdf
7dfdd894-2d23-4f77-8405-3d5458f5004c,FK-385-LT,b0e70bf8-99cb-40db-8e1c-679e5a2aceac,PV RESTITUTION FK385LT.pdf,"Absence date, mention, signature ou tampon","Pv restitution : il manque le tampon et la signature dans la partie ""le garage""",https://admin-api.popvalet.com/qualities/doc/download/b0e70bf8-99cb-40db-8e1c-679e5a2aceac/PV%20RESTITUTION%20FK385LT.pdf
ae2748af-d60e-4957-ae72-a5ede9792919,EZ-059-QT,a3f0f9fb-bd01-4a74-84f5-b43d168343cd,Documentrestitution.pdf,"Absence date, mention, signature ou tampon",PV ARVAL : il manque des informations signature et tampon,https://admin-api.popvalet.com/qualities/doc/download/a3f0f9fb-bd01-4a74-84f5-b43d168343cd/Documentrestitution.pdf
1ce7f014-cd1e-44dc-a8e1-75ec8eb8730f,FD-759-TH,b37c8e56-b144-47e6-b277-d66cad9c3bcb,FD-759-TH Pv de restitution.pdf,"Absence date, mention, signature ou tampon","Bonjour, il manque la signature et le tampon dans la partie ""le conducteur"" celle du client",https://admin-api.popvalet.com/qualities/doc/download/b37c8e56-b144-47e6-b277-d66cad9c3bcb/FD-759-TH%20Pv%20de%20restitution.pdf
bf69b888-81a7-4344-8c34-ef098d41f2c9,FD-367-AL,628b944c-e12e-4aac-b4e3-fc2b56fb7e3f,PV de reprise popvalet.pdf,Document illisible ou mal cadré,La fiche de transport est illisible,https://admin-api.popvalet.com/qualities/doc/download/628b944c-e12e-4aac-b4e3-fc2b56fb7e3f/PV%20de%20reprise%20popvalet.pdf
9ff4c414-bb6d-40f5-badd-97c82da89229,EY-137-ST,f7a4b45c-3aa1-407e-996f-5e8fac5d618c,20231120_161812.jpg,"Absence date, mention, signature ou tampon","Pv arval : il manque le tampon dans la partie ""le garage""",https://admin-api.popvalet.com/qualities/doc/download/f7a4b45c-3aa1-407e-996f-5e8fac5d618c/20231120_161812.jpg
11d6d097-cbb9-4b09-b086-0636ae95a4e2,FE-279-PA,841cb04b-4ced-4259-85c5-c8bc9bc3101d,pv livraison.pdf,"Absence date, mention, signature ou tampon",Il manque les tampons sur le Pv de livraison,https://admin-api.popvalet.com/qualities/doc/download/841cb04b-4ced-4259-85c5-c8bc9bc3101d/pv%20livraison.pdf
5e5a4cfa-f8e1-4cb2-adc9-63b29686e210,EX-922-FF,4a3bdc2e-2b68-4240-a5c4-8279340b8104,PV de reprise.pdf,Autre,"Bonjour,

La partie « conducteur » est réservé au client, c’est à lui de le remplir non au valet. Merci de rectifier le document et de le charger dans la mission.
+ il manque la signature et le tampon dans la partie ""le garage""
+ il manque la fiche de transport",https://admin-api.popvalet.com/qualities/doc/download/4a3bdc2e-2b68-4240-a5c4-8279340b8104/PV%20de%20reprise.pdf
fd0b427b-4332-42d7-bebf-d78aa04ce84b,FW-446-VT,3f822b75-38b0-4894-ad34-96a1f52afdf4,PV de reprise.pdf,"Absence date, mention, signature ou tampon","Bonjour, il manque le tampon et la signature dans le Pv AVAL",https://admin-api.popvalet.com/qualities/doc/download/3f822b75-38b0-4894-ad34-96a1f52afdf4/PV%20de%20reprise.pdf
11b68cae-6931-4b88-9019-c7976a700460,FT-359-LL,08eabaae-45b0-452c-9ea4-f4adb698eda9,17002583141953923941344355059709.jpg,"Absence date, mention, signature ou tampon","Il manque la signature dans la partie le garage, merci de rectifier et de charger de nouveau document dans la mission",https://admin-api.popvalet.com/qualities/doc/download/08eabaae-45b0-452c-9ea4-f4adb698eda9/17002583141953923941344355059709.jpg
49f804d5-d515-4f6a-abe4-c244256ad5a3,ET-941-JJ,ce40b26a-9033-406a-a05d-f95f3a6226e6,pv arval.pdf,Document incomplet ou non rempli,Il manque le kilométrage sur le Pv de restitution ,https://admin-api.popvalet.com/qualities/doc/download/ce40b26a-9033-406a-a05d-f95f3a6226e6/pv%20arval.pdf
e8a671ba-ffbb-44e0-a37e-d6032803611e,EW-422-KY,e70000b1-7872-491e-8bc8-ab4671d9a73a,PV de reprise.pdf,"Absence date, mention, signature ou tampon","Bonjour, il manque la signature dans la partie ""le garage"" au niveau du tampon + La partie « conducteur » est réservé au client, c’est à lui de le remplir non au valet. Merci de rectifier le document et de le charger dans la mission.
",https://admin-api.popvalet.com/qualities/doc/download/e70000b1-7872-491e-8bc8-ab4671d9a73a/PV%20de%20reprise.pdf
a8beee17-ad3f-4855-952a-461290a9f18f,GN-825-MY,f6d2a75c-05c1-4a2a-93a3-e5890d112d91,PV de reprise.pdf,Autre,La partie conducteur est réservé au client. Merci de prendre contact avec lui et de rectifier le pv,https://admin-api.popvalet.com/qualities/doc/download/f6d2a75c-05c1-4a2a-93a3-e5890d112d91/PV%20de%20reprise.pdf
9421e634-6ab3-4553-9145-9f0008aa2b91,FT-053-FX,e6f1371d-9829-44a9-9b86-083a80af8735,PV ARVAL .jpeg,Document incomplet ou non rempli,Merci de faire compléter parfaitement le PV arval,https://admin-api.popvalet.com/qualities/doc/download/e6f1371d-9829-44a9-9b86-083a80af8735/PV%20ARVAL%20.jpeg
93ce428e-b062-42a5-b1bb-6aaa8437f65f,FA-497-AB,e8608de6-799b-443a-9318-2cf62265f251,etat des lieux.pdf,"Absence date, mention, signature ou tampon","Il manque les tampon sur la partie ""Lieu d'enlèvement"" + ""lieu de livraison""",https://admin-api.popvalet.com/qualities/doc/download/e8608de6-799b-443a-9318-2cf62265f251/etat%20des%20lieux.pdf
35c160e8-2546-4440-b89c-d5b55f1afd5a,FF-978-NB,c48b2f4b-1795-4eb1-9878-aacd94fa3c0e,PV de restitution.pdf,"Absence date, mention, signature ou tampon","Bonjour, ce n'est pas le bon document qui est chargé dans la mission. Merci de charger le Pv de restitution correspondant + la fiche de pop valet.",https://admin-api.popvalet.com/qualities/doc/download/c48b2f4b-1795-4eb1-9878-aacd94fa3c0e/PV%20de%20restitution.pdf
35c160e8-2546-4440-b89c-d5b55f1afd5a,FF-978-NB,72539e5b-7c28-4f64-b465-f2ee2210840d,Document.pdf,Autre,"Bonjour, ce n'est pas le bon document qui est chargé dans la mission. Merci de charger le Pv de restitution correspondant + la fiche de pop valet.",https://admin-api.popvalet.com/qualities/doc/download/72539e5b-7c28-4f64-b465-f2ee2210840d/Document.pdf
146ca156-ee82-4019-81cb-198cc96b8973,FS-009-TZ,03797af2-dd91-45de-ad52-0f3653e71636,PV de reprise.pdf,Document incomplet ou non rempli,"Bonjour,
Pv ARVAL= il manque l'immatriculation + la signature en haut de page",https://admin-api.popvalet.com/qualities/doc/download/03797af2-dd91-45de-ad52-0f3653e71636/PV%20de%20reprise.pdf
1bac22c8-c8d2-4ca2-8234-020e9cdbf01e,FG-346-CB,5a02c69d-682d-442c-a0fd-b78a85eae3b0,PV de reprise.pdf,Document incomplet ou non rempli,Erreur de plaque,https://admin-api.popvalet.com/qualities/doc/download/5a02c69d-682d-442c-a0fd-b78a85eae3b0/PV%20de%20reprise.pdf
afbc6b7c-6a22-4b51-bcd0-554cc5fc76bc,FH-185-VA,075ea37e-d90e-4b41-b34b-7c1ba2e350ed,pv.pdf,"Absence date, mention, signature ou tampon",Il manque les tampons sur le Pv de restitution,https://admin-api.popvalet.com/qualities/doc/download/075ea37e-d90e-4b41-b34b-7c1ba2e350ed/pv.pdf
6977d33b-554d-457c-bfd0-d7c0ecea59bf,EK-962-YL,853237e3-d043-4375-b4b1-09e8f7cf9311,PV de reprise.pdf,Document illisible ou mal cadré,"Bonjour le Pv est illisible, l’écriture est effacé. Merci de le charger à nouveau.",https://admin-api.popvalet.com/qualities/doc/download/853237e3-d043-4375-b4b1-09e8f7cf9311/PV%20de%20reprise.pdf
adbf319f-e846-4690-b6a2-38b523f3d83e,EX-107-JV,a71f6a2f-ecfa-447b-ab04-5a8a84513440,pv  de restitution definitive.pdf,Document incomplet ou non rempli,Merci de faire compléter parfaitement au client la partie conducteur du Pv ARVAL,https://admin-api.popvalet.com/qualities/doc/download/a71f6a2f-ecfa-447b-ab04-5a8a84513440/pv%20%20de%20restitution%20definitive.pdf
900de50e-0317-4bd1-a463-87591b40fa6f,GB-737-ME,5a4e0d1e-051e-486e-a848-e9e635061216,IMG_0138.jpeg,Autre,"Bonjour, ce n'est pas le bon document qui est chargé dans la mission. Merci de charger le Pv de restitution correspondant + la fiche de pop valet.",https://admin-api.popvalet.com/qualities/doc/download/5a4e0d1e-051e-486e-a848-e9e635061216/IMG_0138.jpeg
b9cdbc2e-4cde-48a4-9c86-1cf91be8e8b4,GA-104-MB,a9be00fa-752f-4f88-a613-15b9ab882364,PV de reprise.pdf,"Absence date, mention, signature ou tampon","Bonjour, dans le Pv de restitution il manque le tampon dans la partie « le garage » merci de charger à nouveau le document une fois complété.
",https://admin-api.popvalet.com/qualities/doc/download/a9be00fa-752f-4f88-a613-15b9ab882364/PV%20de%20reprise.pdf
afbc6b7c-6a22-4b51-bcd0-554cc5fc76bc,FH-185-VA,8345dbba-30a1-4851-8401-30bba3963393,PV de restitution.pdf,"Absence date, mention, signature ou tampon","Bonjour, dans le Pv de restitution il manque le tampon et la signature dans la partie « le garage » merci de charger à nouveau le document une fois complété.",https://admin-api.popvalet.com/qualities/doc/download/8345dbba-30a1-4851-8401-30bba3963393/PV%20de%20restitution.pdf
c0214995-c3c8-4143-98b1-055d5424dee2,FD-871-FA,ed6ef468-a0d2-43d8-8567-a56cbd2257a2,PV de reprise.pdf,"Absence date, mention, signature ou tampon","Bonjour, dans le Pv de restitution il manque le tampon dans la partie « le garage » merci de charger à nouveau le document une fois complété. + La partie « conducteur » est réservé au client, c’est à lui de le remplir non au valet. Merci de rectifier le document et de le charger dans la mission.
",https://admin-api.popvalet.com/qualities/doc/download/ed6ef468-a0d2-43d8-8567-a56cbd2257a2/PV%20de%20reprise.pdf
b2494456-4a74-47f4-853f-5e18f6c57f95,EP-731-CE,4089a4b7-e692-498e-9751-f978d24e941c,PV de reprise.pdf,Autre,"Bonjour, il manque le tampon dans la partie ""le garage"" + La partie « conducteur » est réservé au client, c’est à lui de le remplir non au valet. Merci de rectifier le document et de le charger dans la mission.
",https://admin-api.popvalet.com/qualities/doc/download/4089a4b7-e692-498e-9751-f978d24e941c/PV%20de%20reprise.pdf
a89d05b2-6ed8-47ff-ac34-28bca3b93a8c,EG-115-CZ,faafe3f9-73d2-4a3f-bbf1-d92759194827,PV de reprise.pdf,"Absence date, mention, signature ou tampon","Bonjour,
Pouvez-vous faire signer la partie ""Le Garage""",https://admin-api.popvalet.com/qualities/doc/download/faafe3f9-73d2-4a3f-bbf1-d92759194827/PV%20de%20reprise.pdf
58dae9cb-87e3-47fe-8abe-b69e123c663f,FK-221-VW,c5834ccb-b20a-46f7-98c4-a3bc81349a78,PV de reprise.pdf,Document illisible ou mal cadré,,https://admin-api.popvalet.com/qualities/doc/download/c5834ccb-b20a-46f7-98c4-a3bc81349a78/PV%20de%20reprise.pdf
e76c64f6-5d0f-429d-8081-85cd30ec3ed0,FG-543-PV,dc3620b9-775d-4bdb-8208-b4c9eb59f8dd,Pv arval.jpeg,"Absence date, mention, signature ou tampon","Bonjour, Pv ARVAL : il manque l'immatriculation + signature dans la partie ""le garage""",https://admin-api.popvalet.com/qualities/doc/download/dc3620b9-775d-4bdb-8208-b4c9eb59f8dd/Pv%20arval.jpeg
4f5512e3-040f-44ca-9412-3093d60ec2ea,FX-751-WB,c41f4a47-d832-4de8-937c-46678e0edb61,PV .pdf,"Absence date, mention, signature ou tampon","Il manque la signature + cachet sur la partie ""Garage""",https://admin-api.popvalet.com/qualities/doc/download/c41f4a47-d832-4de8-937c-46678e0edb61/PV%20.pdf
e0f055d6-ba9d-43f4-be3d-787da8ebc91a,FB-301-QK,eba66828-adc5-495f-ac7c-0968984409c8,PVR.pdf,Autre,"Bonjour, La partie « conducteur » est réservé au client, c’est à lui de le remplir non au valet. Merci de rectifier le document et de le charger dans la mission. + Bonjour, dans le Pv de restitution il manque le tampon  et la signature dans la partie « le garage » merci de charger à nouveau le document une fois complété.",https://admin-api.popvalet.com/qualities/doc/download/eba66828-adc5-495f-ac7c-0968984409c8/PVR.pdf
6b16a5d0-07db-4540-a506-55cd77fcbe42,FF-798-BY,437f84c0-9b4b-4807-ac82-c99d5a6a644d,PV de reprise.jpg,"Absence date, mention, signature ou tampon","Il manque la signature du client sur la partie ""Garage"". De plus, la partie ""Conducteur"" ne doit pas être rempli par vos soins mais par le client final. Merci de faire remplir cela au client",https://admin-api.popvalet.com/qualities/doc/download/437f84c0-9b4b-4807-ac82-c99d5a6a644d/PV%20de%20reprise.jpg
e0f055d6-ba9d-43f4-be3d-787da8ebc91a,FB-301-QK,10292e57-4aae-4988-9454-d3e70eae8ecc,Pv.pdf,Autre,Le tipex est interdit sur les documents officiels ,https://admin-api.popvalet.com/qualities/doc/download/10292e57-4aae-4988-9454-d3e70eae8ecc/Pv.pdf
52fb8846-0c82-4646-9d00-3ad2010d16b0,FT-294-HW,965bb3dc-3137-4d42-9d38-2fa886fe389e,PV de reprise.pdf,"Absence date, mention, signature ou tampon","Bonjour,
Il manque la signature sur la partie ""Le Garage""",https://admin-api.popvalet.com/qualities/doc/download/965bb3dc-3137-4d42-9d38-2fa886fe389e/PV%20de%20reprise.pdf
60a890e3-1123-4ca6-b5a5-d23876d84051,EX-855-KD,d77a7386-525d-4c64-8a19-f226b110fd2c,Procès verbal garage .jpg,"Absence date, mention, signature ou tampon","Il manque la signature sur la partie ""Garage"", merci de faire le nécessaire",https://admin-api.popvalet.com/qualities/doc/download/d77a7386-525d-4c64-8a19-f226b110fd2c/Proc%C3%A8s%20verbal%20garage%20.jpg
6a89825c-5ad8-477e-8ea8-65bbeffc4e3a,ET-457-ZH,777f0eb3-c9a6-4e04-ab9e-32464e480633,PV de reception.pdf,"Absence date, mention, signature ou tampon",Manque tampon CAT dans la partie Garage,https://admin-api.popvalet.com/qualities/doc/download/777f0eb3-c9a6-4e04-ab9e-32464e480633/PV%20de%20reception.pdf
afcb7b73-add3-46c2-a967-ada8055b6261,EZ-292-QE,b611bd8d-6975-4c76-ab98-4ff6732fe548,Document.pdf,"Absence date, mention, signature ou tampon",Il manque la signature sur le lieu de livraison,https://admin-api.popvalet.com/qualities/doc/download/b611bd8d-6975-4c76-ab98-4ff6732fe548/Document.pdf
7882cf0c-e6a5-4233-8407-753704cda227,FG-068-EM,f8e1fc5e-b0c0-47a9-8511-8fefe3190a3e,pv de reprise  (il y a le tampon du garage).pdf,"Absence date, mention, signature ou tampon","Certes, mais il faudrait la signature du garage",https://admin-api.popvalet.com/qualities/doc/download/f8e1fc5e-b0c0-47a9-8511-8fefe3190a3e/pv%20de%20reprise%20%20(il%20y%20a%20le%20tampon%20du%20garage).pdf
afcb7b73-add3-46c2-a967-ada8055b6261,EZ-292-QE,0d5201c0-473a-4662-a44d-d0fc4ea5cc5c,PV restitution.pdf,"Absence date, mention, signature ou tampon",Il manque la signature du client,https://admin-api.popvalet.com/qualities/doc/download/0d5201c0-473a-4662-a44d-d0fc4ea5cc5c/PV%20restitution.pdf
7882cf0c-e6a5-4233-8407-753704cda227,FG-068-EM,922a0205-00e3-4d01-b28f-871680e1c539,PV de reprise.pdf,"Absence date, mention, signature ou tampon","Il manque la signature sur la partie ""garage"", merci de faire le nécessaire",https://admin-api.popvalet.com/qualities/doc/download/922a0205-00e3-4d01-b28f-871680e1c539/PV%20de%20reprise.pdf
2aa91821-fe7f-436e-82ec-5933fcaef187,FP-905-XL,5e82a350-4b2c-4ba1-8459-d2da57414a41,IMG_3802.jpeg,"Absence date, mention, signature ou tampon",Manque cachet et signature de l'enlèvement et de la livraison,https://admin-api.popvalet.com/qualities/doc/download/5e82a350-4b2c-4ba1-8459-d2da57414a41/IMG_3802.jpeg
81fc439f-0365-427c-bd12-f3ad5424cd25,EG-096-JT,87343adb-1b01-4fa6-b78d-fe184b39555f,PV de restitution.jpg,"Absence date, mention, signature ou tampon","Bonjour,
Il y a certes le tampon sur la partie signature Garage, cependant il nous faudra également leur signature. Merci de faire le nécessaire svp",https://admin-api.popvalet.com/qualities/doc/download/87343adb-1b01-4fa6-b78d-fe184b39555f/PV%20de%20restitution.jpg
88bcb830-c0b9-41e7-bec2-c9b2894f113c,FT-732-CZ,3ef39d90-1ff0-479c-895e-7b9afa7e1bb0,PV de reprise.pdf,"Absence date, mention, signature ou tampon",Il manque le cachet du conducteur,https://admin-api.popvalet.com/qualities/doc/download/3ef39d90-1ff0-479c-895e-7b9afa7e1bb0/PV%20de%20reprise.pdf
34c90470-0050-4858-a4e1-31662ee5d672,FR-747-CG,a88bf6c9-0da1-49ae-8896-aecb8ca5ef73,pv de restitution.pdf,"Absence date, mention, signature ou tampon",Il manque le cachet de la partie « Conducteur » sur le PV de restitution,https://admin-api.popvalet.com/qualities/doc/download/a88bf6c9-0da1-49ae-8896-aecb8ca5ef73/pv%20de%20restitution.pdf
66b3bf4b-18cd-46f1-86be-2cfba4ade504,EH-677-VR,97e3b84d-13ea-49c6-8344-20ed6160c89d,ETAT DES LIEUX EH-677-RH.pdf,"Absence date, mention, signature ou tampon",Il manque le cachet du lieu d'enlèvement et la signature du lieu de livraison,https://admin-api.popvalet.com/qualities/doc/download/97e3b84d-13ea-49c6-8344-20ed6160c89d/ETAT%20DES%20LIEUX%20EH-677-RH.pdf
8ee4a999-0587-486e-8e45-0bbd0db35098,FN-721-CQ,6cfad483-e5f3-44f3-96d6-5878ef0c93ca,PV de reprise.pdf,"Absence date, mention, signature ou tampon",Il manque le cachet de la partie « Conducteur ,https://admin-api.popvalet.com/qualities/doc/download/6cfad483-e5f3-44f3-96d6-5878ef0c93ca/PV%20de%20reprise.pdf
66b3bf4b-18cd-46f1-86be-2cfba4ade504,EH-677-VR,6b8e50e5-3430-42be-9f7d-fdf0f8787279,PV de reprise EH-677-VR.pdf,"Absence date, mention, signature ou tampon",Il manque le tampon du conducteur et la signature du client garage,https://admin-api.popvalet.com/qualities/doc/download/6b8e50e5-3430-42be-9f7d-fdf0f8787279/PV%20de%20reprise%20EH-677-VR.pdf
21fe5f0c-1260-4940-8c5e-d1c7e68c6c1b,FK-166-ZT,c95cf5af-152c-4f3d-a715-44cdcb9c65e7,PV de restitution.pdf,Document incomplet ou non rempli,"Bonjour,
Il manque le cachet sur la partie ""Garage"", merci de faire le nécessaire",https://admin-api.popvalet.com/qualities/doc/download/c95cf5af-152c-4f3d-a715-44cdcb9c65e7/PV%20de%20restitution.pdf
3e7ef9e3-b63f-4e49-8d18-6fd8ce9c6f79,FN-863-VZ,a115f5b5-535b-486c-ac39-63d23436925e,PV de reprise.pdf,"Absence date, mention, signature ou tampon",Il manque le cachet sur la partie conducteur et le cachet sur le lieu d'enlèvement,https://admin-api.popvalet.com/qualities/doc/download/a115f5b5-535b-486c-ac39-63d23436925e/PV%20de%20reprise.pdf
93c91058-e34e-4846-a873-6d02b5c98508,EZ-381-YT,d5d82621-dc60-486e-bea0-11d462cdff8f,PV de reprise.pdf,Document incomplet ou non rempli,"La partie ""Conducteur"" doit être rempli par le client et non par vous. Merci de le contacter pour rectifier la chose. Merci de faire signer la partie ""Garage"" comme indiqué",https://admin-api.popvalet.com/qualities/doc/download/d5d82621-dc60-486e-bea0-11d462cdff8f/PV%20de%20reprise.pdf
747b1347-2d46-4811-95c9-0ea74e8e4486,FL-659-FQ,3944b32c-c806-494a-848b-e504af949db2,PV.png,Document illisible ou mal cadré,"Bonjour le Pv est illisible, l’écriture est effacé. Merci de le charger à nouveau.",https://admin-api.popvalet.com/qualities/doc/download/3944b32c-c806-494a-848b-e504af949db2/PV.png
74f67147-966a-46b4-8daa-2368afdef4d7,FT-297-LS,8afe9d04-4ae3-4fdb-9f7f-6b26adaced5b,Documenteex mandatzire.pdf,Document illisible ou mal cadré,Merci de le recadrer,https://admin-api.popvalet.com/qualities/doc/download/8afe9d04-4ae3-4fdb-9f7f-6b26adaced5b/Documenteex%20mandatzire.pdf
8f6e5239-3d3f-4592-9c75-c7be16e10b7a,EJ-318-LR,4a2ac044-5a40-47f5-8eba-367ba83623fa,PV de reprise.pdf,Document incomplet ou non rempli,Merci de faire signer la partie 'Conducteur' au client svp,https://admin-api.popvalet.com/qualities/doc/download/4a2ac044-5a40-47f5-8eba-367ba83623fa/PV%20de%20reprise.pdf
acb4bfa8-e789-41b0-916c-c1d5de74a5a6,EF-311-TH,2f14e27e-c167-4198-b52f-6122f8df0f91,PV de reprise.pdf,Document incomplet ou non rempli,"Bonjour
Il manque la signature sur ce document, merci de contacter le client et recharger le document svp",https://admin-api.popvalet.com/qualities/doc/download/2f14e27e-c167-4198-b52f-6122f8df0f91/PV%20de%20reprise.pdf
0b98839e-bf67-48a2-96a1-4f33348419ba,FE-996-QQ,2de959c2-6b6b-4863-98fe-5ace44e0a932,Document.pdf,Autre,"Bonjour,

La partie « conducteur » est réservé au client, c’est à lui de le remplir non au valet. Merci de rectifier le document et de le charger dans la mission.",https://admin-api.popvalet.com/qualities/doc/download/2de959c2-6b6b-4863-98fe-5ace44e0a932/Document.pdf
cdbeac87-8879-49e1-901f-c86b8d2876f1,FR-363-WL,b894769c-6324-4dfd-87a5-bea5e86d95c1,PV de reprise.pdf,Document incomplet ou non rempli,"Bonjour, il manque le kilométrage sur le Pv arval. Merci de rectifier et de charger à nouveau",https://admin-api.popvalet.com/qualities/doc/download/b894769c-6324-4dfd-87a5-bea5e86d95c1/PV%20de%20reprise.pdf
eebe5815-cd14-4d5a-9262-73fdd3b26b87,FF-403-FX,d274e5f6-f0f1-4bc6-af62-3705d754caac,PV de reprise.pdf,Autre,"Bonjour,

La partie « conducteur » est réservé au client, c’est à lui de le remplir non au valet. Merci de rectifier le document et de le charger dans la mission.",https://admin-api.popvalet.com/qualities/doc/download/d274e5f6-f0f1-4bc6-af62-3705d754caac/PV%20de%20reprise.pdf
f31a71d4-059f-4b46-9842-fabd5808ad2c,FQ-780-HW,cffe6b4d-45d8-4739-a7f4-a03fcc3b9f85,PV de reprise.pdf,Autre,"Bonjour,

La partie « conducteur » est réservé au client, c’est à lui de le remplir non au valet. Merci de rectifier le document et de le charger dans la mission.",https://admin-api.popvalet.com/qualities/doc/download/cffe6b4d-45d8-4739-a7f4-a03fcc3b9f85/PV%20de%20reprise.pdf
cdbeac87-8879-49e1-901f-c86b8d2876f1,FR-363-WL,c6e74ec0-295e-4283-9062-26fbe367ee0f,PV de restitution.pdf,Autre,Ce doc ne correspond pas à la mission,https://admin-api.popvalet.com/qualities/doc/download/c6e74ec0-295e-4283-9062-26fbe367ee0f/PV%20de%20restitution.pdf
c17752ff-df5a-426f-aa43-a632362bc01d,EY-172-WZ,ce8e489e-4d8f-4305-ad50-4559af735e6a,ARVAL Service Lease - PV restitution.pdf,Document incomplet ou non rempli,"Bonjour,
Il manque les cachets du client ""Garage"" et du ""Conducteur"".
merci de faire le nécessaire",https://admin-api.popvalet.com/qualities/doc/download/ce8e489e-4d8f-4305-ad50-4559af735e6a/ARVAL%20Service%20Lease%20-%20PV%20restitution.pdf
d37ec949-9e90-4c5f-b12d-b54430470969,FS-328-MP,0bb515c1-43f5-4254-84ea-8f492b6a9182,Document.pdf,Autre,"Bonjour, ce n'est pas le bon document qui est chargé dans la mission. Merci de charger le Pv de restitution correspondant + la fiche de pop valet.",https://admin-api.popvalet.com/qualities/doc/download/0bb515c1-43f5-4254-84ea-8f492b6a9182/Document.pdf
d37ec949-9e90-4c5f-b12d-b54430470969,FS-328-MP,a2e6f26a-ed39-4b6f-84b8-89f07fb46d9a,Document.pdf,Document incomplet ou non rempli,"Bonjour, ce n'est pas le bon document qui est chargé dans la mission. Merci de charger le Pv de restitution correspondant + la fiche de pop valet.",https://admin-api.popvalet.com/qualities/doc/download/a2e6f26a-ed39-4b6f-84b8-89f07fb46d9a/Document.pdf
02f5288e-bc25-45ea-b3d8-39236a6badae,FN-702-NB,71e6a18b-efb7-4622-9082-b8aaf117c8d7,PVR.pdf,Document illisible ou mal cadré,"Bonjour le Pv est illisible, l’écriture est effacé. Merci de le charger à nouveau.",https://admin-api.popvalet.com/qualities/doc/download/71e6a18b-efb7-4622-9082-b8aaf117c8d7/PVR.pdf
4cdb10a5-c5b6-488d-b8ab-a8a5028dd919,FD-909-QB,1d6ef101-bd5d-461c-a9fb-9eb7b8326130,pv restitution .pdf,Autre,"Bonjour,

La partie « conducteur » est réservé au client, c’est à lui de le remplir non au valet. Merci de rectifier le document et de le charger dans la mission",https://admin-api.popvalet.com/qualities/doc/download/1d6ef101-bd5d-461c-a9fb-9eb7b8326130/pv%20restitution%20.pdf
85f39bc4-7d73-4b80-8d52-34340db6a457,FN-582-JF,a05d2980-e2cd-48c4-87c5-3b4acd7b8e4d,PV de reprise.pdf,Autre,"Bonjour,

La partie « conducteur » est réservé au client, c’est à lui de le remplir non au valet. Merci de rectifier le document et de le charger dans la mission.",https://admin-api.popvalet.com/qualities/doc/download/a05d2980-e2cd-48c4-87c5-3b4acd7b8e4d/PV%20de%20reprise.pdf
7cb2d5ca-f776-4ae3-9444-0af0631729d4,FJ-068-NV,8ae34e10-8404-4fe8-9af8-1a737b1362a8,PV de reprise.pdf,Autre,"Bonjour,

La partie « conducteur » est réservé au client, c’est à lui de le remplir non au valet. Merci de rectifier le document et de le charger dans la mission.",https://admin-api.popvalet.com/qualities/doc/download/8ae34e10-8404-4fe8-9af8-1a737b1362a8/PV%20de%20reprise.pdf
97531cbd-3e30-44a1-9c0d-f1776ab5660f,FZ-642-DW,37cc9007-09d9-4b7d-bee0-e3148249ac30,Procès verbal de restitution définitive Arval .pdf,Document illisible ou mal cadré,"Bonjour le Pv est illisible, l’écriture est effacé. Merci de le charger à nouveau.",https://admin-api.popvalet.com/qualities/doc/download/37cc9007-09d9-4b7d-bee0-e3148249ac30/Proc%C3%A8s%20verbal%20de%20restitution%20d%C3%A9finitive%20Arval%20.pdf
f0b373cd-a530-4c98-897c-fcd3b4bc74df,FR-392-XR,644c2f7c-b7d0-4989-a51b-885c40c19537,PV de reprise.pdf,Autre,"Bonjour,

La partie « conducteur » est réservé au client, c’est à lui de le remplir non au valet. Merci de rectifier le document et de le charger dans la mission.",https://admin-api.popvalet.com/qualities/doc/download/644c2f7c-b7d0-4989-a51b-885c40c19537/PV%20de%20reprise.pdf
692553b3-b4be-4f81-aa41-fcb52679da93,FF-173-LL,81e89c8e-8edc-4df2-9671-3ec5ffcf1917,PV restitution.jpg,Document illisible ou mal cadré,"Bonjour le Pv est illisible, l’écriture est flou. Merci de le charger à nouveau.",https://admin-api.popvalet.com/qualities/doc/download/81e89c8e-8edc-4df2-9671-3ec5ffcf1917/PV%20restitution.jpg
72bdca93-fc9a-4e04-822f-8a306ca64e8c,ES-337-RE,ee4403b6-f92b-4082-88a9-88947eda4702,PVR.jpeg,"Absence date, mention, signature ou tampon","Bonjour, dans le Pv de restitution il manque le tampon dans la partie « le garage » merci de charger à nouveau le document une fois complété.",https://admin-api.popvalet.com/qualities/doc/download/ee4403b6-f92b-4082-88a9-88947eda4702/PVR.jpeg
5c9b1500-8304-447e-b02c-bc45175fc4de,FK-131-AH,14b75420-70d8-4766-83e9-a705dbfd0f43,pv restitution.pdf,Autre,Ce n'est pas le document attendu. FK-131-AH,https://admin-api.popvalet.com/qualities/doc/download/14b75420-70d8-4766-83e9-a705dbfd0f43/pv%20restitution.pdf
67b1b7ed-21b1-4b5b-a042-bf8780b97fe6,FC-006-LG,0f43bf8e-afdd-4fa1-b046-8bbcfb0ccace,PV de restitution.pdf,Autre,"Pouvez-vous contacter le client pour que la partie du bas soit signée svp, dès lors nous ferons la régularisation de la mission",https://admin-api.popvalet.com/qualities/doc/download/0f43bf8e-afdd-4fa1-b046-8bbcfb0ccace/PV%20de%20restitution.pdf
e47698fd-abe4-4587-b710-f1028beef81c,FM-444-ZE,1aa77346-63c4-48d0-98e9-cc1accd6b70f,pv arval.pdf,Document incomplet ou non rempli,Il manque les informations du conducteur ,https://admin-api.popvalet.com/qualities/doc/download/1aa77346-63c4-48d0-98e9-cc1accd6b70f/pv%20arval.pdf
2061e8c0-41d1-409b-b5f3-3dd7f547bee7,EH-082-TV,02d98474-cadf-42f4-97ac-a4ec59727213,PV de restitution .jpg,Autre,"Bonjour, ce n'est pas le bon document qui est chargé dans la mission. Merci de charger le Pv de restitution correspondant ",https://admin-api.popvalet.com/qualities/doc/download/02d98474-cadf-42f4-97ac-a4ec59727213/PV%20de%20restitution%20.jpg
67b1b7ed-21b1-4b5b-a042-bf8780b97fe6,FC-006-LG,e50dc882-e6fc-4e2b-84e8-167b8b535f52,Document.pdf,Autre,"Bonjour, la partie basse du PV l’encadré « le conducteur » est réserver au client pas au valet. Merci de rectifier et de charger à nouveau le document",https://admin-api.popvalet.com/qualities/doc/download/e50dc882-e6fc-4e2b-84e8-167b8b535f52/Document.pdf
e0e884fe-4152-434f-8733-35953369d4aa,FA-463-MX,7bba8b78-3d82-49b9-b058-5a67928e283d,pv de restitution .pdf,Autre,"Bonjour, la partie basse du PV l’encadré « le conducteur » est réserver au client pas au valet. Merci de rectifier et de charger à nouveau le document",https://admin-api.popvalet.com/qualities/doc/download/7bba8b78-3d82-49b9-b058-5a67928e283d/pv%20de%20restitution%20.pdf
e57885c3-a6a0-4145-872d-5f509af2daf1,FG-767-EX,391a310e-00fe-468b-a37c-7ceee40e50e7,Pv de livraison .jpg,Document incomplet ou non rempli,"Bonjour, la partie basse du PV l’encadré « le conducteur » est réserver au client. Merci de rectifier et de charger à nouveau le document",https://admin-api.popvalet.com/qualities/doc/download/391a310e-00fe-468b-a37c-7ceee40e50e7/Pv%20de%20livraison%20.jpg
67b1b7ed-21b1-4b5b-a042-bf8780b97fe6,FC-006-LG,c258acc5-7854-4b92-9a05-363aee1fa42f,Pv arval.pdf,Autre,"Bonjour, la partie basse du PV l’encadré « le conducteur » est réserver au client pas au valet. Merci de rectifier et de charger à nouveau le document",https://admin-api.popvalet.com/qualities/doc/download/c258acc5-7854-4b92-9a05-363aee1fa42f/Pv%20arval.pdf
33228ec7-0f61-43e1-b5bd-bf88ec381107,FL-147-SN,7035810f-4ff8-4f8b-b2b8-e6f0796637a6,Pv arval.jpg,Autre,"Bonjour, la partie basse du PV l’encadré « le conducteur » est réserver au client pas au valet. Merci de rectifier et de charger à nouveau le document ",https://admin-api.popvalet.com/qualities/doc/download/7035810f-4ff8-4f8b-b2b8-e6f0796637a6/Pv%20arval.jpg
b5162d79-295e-489a-be9f-f558d759a490,ET-102-TP,cbd7e42d-c805-433e-a4dc-a402679d4247,PV de reprise.pdf,Document illisible ou mal cadré,"Bonjour, le document est mal cadré. Merci de le charger à nouveau dans la mission",https://admin-api.popvalet.com/qualities/doc/download/cbd7e42d-c805-433e-a4dc-a402679d4247/PV%20de%20reprise.pdf
b5162d79-295e-489a-be9f-f558d759a490,ET-102-TP,9885436e-fce8-40ec-86e6-6a3735fb8666,pv de reprise.pdf,"Absence date, mention, signature ou tampon",il manque les tampons et une signature sur le Pv,https://admin-api.popvalet.com/qualities/doc/download/9885436e-fce8-40ec-86e6-6a3735fb8666/pv%20de%20reprise.pdf
4d859bc0-aba1-4ecc-9626-f6e29ff7595b,FF-724-NB,38c31ec1-ed30-4780-af22-5fc3375b466a,Document pv.pdf,"Absence date, mention, signature ou tampon",bonjour il manque les tampons sur le Pv de ARVAL,https://admin-api.popvalet.com/qualities/doc/download/38c31ec1-ed30-4780-af22-5fc3375b466a/Document%20pv.pdf
540372de-4389-43a9-8068-cabc3f4a9056,EK-486-ML,e9b466cf-102a-427a-a437-14022e6af3a8,PV de reprise.pdf,Document incomplet ou non rempli,"Bonjour, il manque la plaque d'immatriculation sur le Pv de restitution.",https://admin-api.popvalet.com/qualities/doc/download/e9b466cf-102a-427a-a437-14022e6af3a8/PV%20de%20reprise.pdf
85fdee21-bdfb-4915-87a5-e82fa604f163,FK-184-AJ,06df25e1-957a-410b-b608-307df518cca1,PV de restitution.png,Autre,"Bonjour, il manque les informations client dans la partie conducteur.",https://admin-api.popvalet.com/qualities/doc/download/06df25e1-957a-410b-b608-307df518cca1/PV%20de%20restitution.png
4d859bc0-aba1-4ecc-9626-f6e29ff7595b,FF-724-NB,1130f0e5-f5af-4dbf-9606-347221d30d90,pV restitution .pdf,Document illisible ou mal cadré,"Bonjour le Pv est illisible, l’écriture est effacé. Merci de le charger à nouveau.",https://admin-api.popvalet.com/qualities/doc/download/1130f0e5-f5af-4dbf-9606-347221d30d90/pV%20restitution%20.pdf
4f6011f3-a1b7-440d-a8e8-cee65e6049ac,FR-872-TP,68c91cfc-4899-4d9c-bb33-ef648a81395f,PV REPRISE.pdf,Document illisible ou mal cadré,"Bonjour le Pv est illisible, l’écriture est effacé. Merci de le charger à nouveau.",https://admin-api.popvalet.com/qualities/doc/download/68c91cfc-4899-4d9c-bb33-ef648a81395f/PV%20REPRISE.pdf
4adae6ba-06de-4d0e-a16f-fdeab35b1f38,FB-568-VP,c463222c-9940-4e0a-85ba-6d0a8ad84230,ARVAL PV.jpg,Document illisible ou mal cadré,"Bonjour le Pv est illisible, l’écriture est flou. Merci de le charger à nouveau.",https://admin-api.popvalet.com/qualities/doc/download/c463222c-9940-4e0a-85ba-6d0a8ad84230/ARVAL%20PV.jpg
408d8f71-abba-43a9-a880-101f41bc1b7b,FA-256-WW,44714598-6bd9-4042-bd84-5d8b58f0b6e3,PV de Restitution.pdf,Document incomplet ou non rempli,"Bonjour, il manque le kilométrage sur le Pv de restitution. Merci de rectifier cela.",https://admin-api.popvalet.com/qualities/doc/download/44714598-6bd9-4042-bd84-5d8b58f0b6e3/PV%20de%20Restitution.pdf
39781867-070a-4939-a547-b205ae857a6f,GJ-053-HN,6dd1a057-8682-47aa-81ee-04ec3eca6cc5,PV Arval.jpg,"Absence date, mention, signature ou tampon","Bonjour, il manque les tampons obligatoire. Merci de rectifier.",https://admin-api.popvalet.com/qualities/doc/download/6dd1a057-8682-47aa-81ee-04ec3eca6cc5/PV%20Arval.jpg
dac4c808-7152-44c4-8646-d0264cd0ebd5,GB-643-ST,fa6d005c-1966-454c-b66e-390e1626315b,PV.pdf,Autre,"Bonjour,

La partie « conducteur » est réservé au client, c’est à lui de le remplir non au valet. Merci de rectifier le document et de le charger dans la mission.",https://admin-api.popvalet.com/qualities/doc/download/fa6d005c-1966-454c-b66e-390e1626315b/PV.pdf
507b2f2b-b2eb-4916-9a79-2d8ce4cc29fc,GB-620-BY,197ba495-23ae-4498-ac13-154c611559c4,pv de restitution.pdf,Document incomplet ou non rempli,"Bonjour,

La partie « conducteur » est réservé au client, c’est à lui de le remplir, les informations ne sont pas complète. Merci de rectifier le document et de le charger dans la mission.",https://admin-api.popvalet.com/qualities/doc/download/197ba495-23ae-4498-ac13-154c611559c4/pv%20de%20restitution.pdf
5a700766-f550-469d-b94d-c80806d2679b,FP-490-JX,4d1a2461-4f51-4ad4-8ec6-a7e9eb240fa8,ARVAL PV De Restitution FP490JX.pdf,Autre,"Bonjour,

La partie « conducteur » est réservé au client, c’est à lui de le remplir non au valet. Merci de rectifier le document et de le charger dans la mission.",https://admin-api.popvalet.com/qualities/doc/download/4d1a2461-4f51-4ad4-8ec6-a7e9eb240fa8/ARVAL%20PV%20De%20Restitution%20FP490JX.pdf
5a700766-f550-469d-b94d-c80806d2679b,FP-490-JX,7c58e280-2dea-4c57-bad6-b254e4975dc2,ARVAL.pdf,Autre,"Le tipex est interdit, merci de refaire comme demandé le PV de restitution, et le faire remplir par le client.",https://admin-api.popvalet.com/qualities/doc/download/7c58e280-2dea-4c57-bad6-b254e4975dc2/ARVAL.pdf
274d0b2b-c63d-4b76-8537-eed359603ad0,FG-926-HK,12bd7e3a-a435-4094-9f85-b1c2165ff231,PV de restitution final ARVAL de FG-926-HK .pdf,Autre,"Bonjour,

La partie « conducteur » est réservé au client, c’est à lui de le remplir non au valet. Merci de rectifier le document et de le charger dans la mission.",https://admin-api.popvalet.com/qualities/doc/download/12bd7e3a-a435-4094-9f85-b1c2165ff231/PV%20de%20restitution%20final%20ARVAL%20de%20FG-926-HK%20.pdf
e2299882-9cf8-44d5-bf73-d59500c5823c,EZ-561-VR,9db31cff-7671-4812-b467-90e93f9a63f5,PV ARVAL.jpg,Document incomplet ou non rempli,Manque signature et tampon sur le PV,https://admin-api.popvalet.com/qualities/doc/download/9db31cff-7671-4812-b467-90e93f9a63f5/PV%20ARVAL.jpg
c8185b8a-eb53-4e3a-acd3-944b90d10a43,GB-927-WD,b9cd0a33-786c-4686-8af6-63ca464fe617,Pv reprise.pdf,Autre,Merci de remplir correctement le Pv de reprise. Il manque les tampons de plus signature sont les mêmes ce n'est pas conforme. Le client doit remplir la partie du bas,https://admin-api.popvalet.com/qualities/doc/download/b9cd0a33-786c-4686-8af6-63ca464fe617/Pv%20reprise.pdf
176239b2-bcfb-4ed9-ac99-199fc45a931f,FF-121-EK,a8157bc4-bb1d-485e-8764-89dda6aabd5d,PV.pdf,Document incomplet ou non rempli,"Bonjour,

La partie « conducteur » est incomplète. Merci de rectifier le document et de le charger dans la mission.",https://admin-api.popvalet.com/qualities/doc/download/a8157bc4-bb1d-485e-8764-89dda6aabd5d/PV.pdf
9d1287b3-0a7e-49ad-b6d5-e31b195abf18,FR-896-BM,ed33fd34-b177-4a84-b9d0-81425ecb9ad3,pv livraison .pdf,Autre,"Bonjour le Pv est illisible, l’écriture est effacé. Merci de le charger à nouveau.",https://admin-api.popvalet.com/qualities/doc/download/ed33fd34-b177-4a84-b9d0-81425ecb9ad3/pv%20livraison%20.pdf
55f71921-3278-494e-a10e-006f4fe5b0cc,EM-272-VS,2046ac11-be88-48e4-b0e3-0265627cbf5a,Document.pdf,Autre,"Bonjour, ce n'est pas le bon document qui est chargé dans la mission. Merci de charger le Pv de restitution correspondant + la fiche de pop valet",https://admin-api.popvalet.com/qualities/doc/download/2046ac11-be88-48e4-b0e3-0265627cbf5a/Document.pdf
70f81eaa-5fdd-4f8f-9c14-fe3d74819f81,FA-772-LB,acd19889-d14d-48d4-98dc-2ecc91c9397f,Pv.jpeg,Autre,Refus: Le Tipex est interdit. Merci de rectifier et de charger à nouveau le PV ARVAL,https://admin-api.popvalet.com/qualities/doc/download/acd19889-d14d-48d4-98dc-2ecc91c9397f/Pv.jpeg
0e8f5c3b-858c-4433-be17-edfa0c2040a6,FC-080-PV,14599444-ddc4-4602-89c5-1130edb33103,PV de reprise.pdf,Document illisible ou mal cadré,"Bonjour le Pv est illisible, l’écriture est effacé. Merci de le charger à nouveau.",https://admin-api.popvalet.com/qualities/doc/download/14599444-ddc4-4602-89c5-1130edb33103/PV%20de%20reprise.pdf
924e9545-6cb1-408c-bcfc-a3035c8b2e29,FK-468-LV,a13405be-cc3c-4206-98cf-f7ab33121b86,PV de reprise.pdf,"Absence date, mention, signature ou tampon",Il manque le tampon sur le Pv ARVAL,https://admin-api.popvalet.com/qualities/doc/download/a13405be-cc3c-4206-98cf-f7ab33121b86/PV%20de%20reprise.pdf
f4977897-c9f2-49c9-865b-9f414dd16f46,EZ-912-QS,b6a70907-f613-4091-8ef7-8a41166431a8,PV de reprise.pdf,Document incomplet ou non rempli,"Bonjour,

La partie « conducteur » est réservé au client, c’est à lui de le remplir non au valet. Merci de rectifier le document et de le charger dans la mission.
",https://admin-api.popvalet.com/qualities/doc/download/b6a70907-f613-4091-8ef7-8a41166431a8/PV%20de%20reprise.pdf
4d3900f0-37dc-480f-a485-d6c8e0502f6e,EP-225-MR,991e1e5f-86c0-4a1d-9d3a-efc4121fbad5,pv final desole.pdf,"Absence date, mention, signature ou tampon","Bonjour,

La partie « conducteur » est réservé au client, c’est à lui de le remplir non au valet. Merci de rectifier le document et de le charger dans la mission.
",https://admin-api.popvalet.com/qualities/doc/download/991e1e5f-86c0-4a1d-9d3a-efc4121fbad5/pv%20final%20desole.pdf
4d3900f0-37dc-480f-a485-d6c8e0502f6e,EP-225-MR,3fb36b03-a612-4181-a87a-1342c88d8cb9,etat des ieuxp.pdf,Autre,"Le document ne correspond pas à la mission, merci de charger les bons documents",https://admin-api.popvalet.com/qualities/doc/download/3fb36b03-a612-4181-a87a-1342c88d8cb9/etat%20des%20ieuxp.pdf
4d3900f0-37dc-480f-a485-d6c8e0502f6e,EP-225-MR,9c1815d4-f1fb-4dfa-92d2-f2b59e6bade4,DocumentPV.pdf,Autre,"Le document ne correspond pas à la mission, merci de charger les bons documents",https://admin-api.popvalet.com/qualities/doc/download/9c1815d4-f1fb-4dfa-92d2-f2b59e6bade4/DocumentPV.pdf
d97a65ed-2424-4d45-8e16-6f251ae544f6,FJ-745-XQ,f00bb5a9-5063-457b-9893-ca78518b486a,PV de reprise.pdf,"Absence date, mention, signature ou tampon",Il manque les tampons sur la Pv arval,https://admin-api.popvalet.com/qualities/doc/download/f00bb5a9-5063-457b-9893-ca78518b486a/PV%20de%20reprise.pdf
bc6d3269-af35-408c-bf48-e0a63ec67ae2,ED-913-BL,cea330e8-deed-4ed9-b87c-83a4ef98578f,pv de restitution .pdf,Document incomplet ou non rempli,"Bonjour,

La partie « conducteur » est réservé au client, c’est à lui de le remplir. Merci de rectifier le document et de le charger dans la mission.
",https://admin-api.popvalet.com/qualities/doc/download/cea330e8-deed-4ed9-b87c-83a4ef98578f/pv%20de%20restitution%20.pdf
84b2e567-dd53-4292-9550-1c4a40ea88f5,FS-127-LS,5a1f741d-a5cc-45f4-afe8-8b2fa42e729d,PV ARVAL.jpg,Autre,"Bonjour,

La partie « conducteur » est réservé au client, c’est à lui de le remplir non au valet. Merci de rectifier le document et de le charger dans la mission.",https://admin-api.popvalet.com/qualities/doc/download/5a1f741d-a5cc-45f4-afe8-8b2fa42e729d/PV%20ARVAL.jpg
84b2e567-dd53-4292-9550-1c4a40ea88f5,FS-127-LS,ba152a06-f991-4e2b-92ac-8e9bca9b8c24,IMG_20230929_161549_edit_714957094647845.jpg,Autre,"Bonjour,
Le document ne correspond pas à la mission, merci de charger le bon PV de restitution ",https://admin-api.popvalet.com/qualities/doc/download/ba152a06-f991-4e2b-92ac-8e9bca9b8c24/IMG_20230929_161549_edit_714957094647845.jpg
af5718ff-2d53-4772-806d-8265113f88a9,FG-018-EB,045265e3-13c1-4180-bb46-924837d38ead,PVR.pdf,Document incomplet ou non rempli,"Il manque des informations du client dans l'encadré "" le conducteur""",https://admin-api.popvalet.com/qualities/doc/download/045265e3-13c1-4180-bb46-924837d38ead/PVR.pdf
8bae4141-bf49-4e0e-b23d-4c0c0c2cdb89,FN-117-GQ,c81fb974-86a1-4e74-9541-4ed2c660ae79,PV ARVAL.jpg,Document incomplet ou non rempli,"Bonjour,

La partie « conducteur » est réservé au client, c’est à lui de le remplir. Merci de rectifier le document et de le charger dans la mission.",https://admin-api.popvalet.com/qualities/doc/download/c81fb974-86a1-4e74-9541-4ed2c660ae79/PV%20ARVAL.jpg
11cf07f5-b3f8-4372-889c-9d3d329db7e1,GB-587-GR,e2012270-3909-4cce-a84f-28073ce50071,PV DE RESTITUTION GB-587-GR.jpg,"Absence date, mention, signature ou tampon",il manque le kilométrage et l'immatriculation,https://admin-api.popvalet.com/qualities/doc/download/e2012270-3909-4cce-a84f-28073ce50071/PV%20DE%20RESTITUTION%20GB-587-GR.jpg
542bb93b-46b2-4bf9-bb6d-5a493d40163a,FE-440-FL,78b9adff-21ab-4e44-a21e-6f0fd0ba261f,ARVAL PV.pdf,Document incomplet ou non rempli,Merci de rajouter l'immatriculation sur le PV,https://admin-api.popvalet.com/qualities/doc/download/78b9adff-21ab-4e44-a21e-6f0fd0ba261f/ARVAL%20PV.pdf
28339226-8397-4218-bb72-ffde1cc2b027,GB-884-EE,63437408-7ff6-4e6e-9e36-f402bb7aabe6,PV .jpeg,Document incomplet ou non rempli,Bonjour il manque les tampons dans l'encadré des signatures. Merci de charger le document complété.,https://admin-api.popvalet.com/qualities/doc/download/63437408-7ff6-4e6e-9e36-f402bb7aabe6/PV%20.jpeg
c0d7c0c2-1cf4-477a-b8d8-2f4ad32cb44d,EY-148-HE,2ef82b08-5a02-4f65-9e03-771e170c0d9f,DocumentPv de restitution.pdf,Autre,Erreur sur l'immatriculation + document flou,https://admin-api.popvalet.com/qualities/doc/download/2ef82b08-5a02-4f65-9e03-771e170c0d9f/DocumentPv%20de%20restitution.pdf
221a69ca-a037-4e72-9dfa-8ee5a363bcd8,FR-661-CG,a87d22c2-5196-4a0b-acdc-e46eb540ede5,proces verbal de restitution definitive.pdf,Autre,"Bonjour,

La partie « conducteur » est réservé au client, c’est à lui de le remplir non au valet. Merci de rectifier le document et de le charger dans la mission.",https://admin-api.popvalet.com/qualities/doc/download/a87d22c2-5196-4a0b-acdc-e46eb540ede5/proces%20verbal%20de%20restitution%20definitive.pdf
c7114304-86ee-4ae8-af4a-a5ba1116bd34,ER-335-WV,5ded7b9b-6365-47fb-a742-620cd5c88464,PV de reprise.pdf,Document incomplet ou non rempli,"Le Pv arval est incomplet merci de compléter la partie "" le véhicule"". Une fois cela rectifier il faudra charger à nouveau le document dans la mission.",https://admin-api.popvalet.com/qualities/doc/download/5ded7b9b-6365-47fb-a742-620cd5c88464/PV%20de%20reprise.pdf
dcd6a01d-3f52-4659-8461-9268c7e9b6a6,EC-609-NN,ff4dbd4e-01a8-431b-8c92-669c9291611b,PVR.jpg,Document incomplet ou non rempli,"Merci de compléter les informations sur le Pv ARVAL + La partie « conducteur » est réservé au client, c’est à lui de le remplir non au valet. Merci de rectifier le document et de le charger dans la mission.
",https://admin-api.popvalet.com/qualities/doc/download/ff4dbd4e-01a8-431b-8c92-669c9291611b/PVR.jpg
e08d92ed-82f7-4557-ac29-d2eb937a1748,FQ-966-VM,18053076-09b4-4b37-aa58-20f333d76af0,etat des lieux.pdf,"Absence date, mention, signature ou tampon","Bonjour, la fiche de transport doit comporter les tampons",https://admin-api.popvalet.com/qualities/doc/download/18053076-09b4-4b37-aa58-20f333d76af0/etat%20des%20lieux.pdf
f6bc3926-a1f5-4768-bcba-7acd03afdff3,GB-059-GR,14a70bf9-b36b-490c-aafc-403e258aed12,PV de reprise.pdf,Document incomplet ou non rempli,Merci de faire compléter le Pv ARVAL entièrement.,https://admin-api.popvalet.com/qualities/doc/download/14a70bf9-b36b-490c-aafc-403e258aed12/PV%20de%20reprise.pdf
7699a0bc-20b3-4ad6-b20e-1ae7191fc33d,GB-400-GQ,01bf7ef3-602f-4071-8094-f6a9da7a1f7d,pv de restitution definitive .pdf,Autre,"Bonjour, ce n'est pas le bon document qui est chargé dans la mission. Merci de charger le Pv de restitution correspondant + la fiche de pop valet.",https://admin-api.popvalet.com/qualities/doc/download/01bf7ef3-602f-4071-8094-f6a9da7a1f7d/pv%20de%20restitution%20definitive%20.pdf
2da4a348-8d55-47f3-88e1-f67c80eef161,EN-869-YH,8c912d6d-c747-47a3-950b-00b2f62da188,Pv reprise.pdf,Document illisible ou mal cadré,"Bonjour le Pv est illisible, l’écriture est effacé. Merci de le charger à nouveau.",https://admin-api.popvalet.com/qualities/doc/download/8c912d6d-c747-47a3-950b-00b2f62da188/Pv%20reprise.pdf
2da4a348-8d55-47f3-88e1-f67c80eef161,EN-869-YH,f50b2bbc-cd2c-461c-9dd6-e05b579ce2ca,Document.pdf,Document illisible ou mal cadré,"Bonjour le Pv est illisible, l’écriture est effacé. Merci de le charger à nouveau.",https://admin-api.popvalet.com/qualities/doc/download/f50b2bbc-cd2c-461c-9dd6-e05b579ce2ca/Document.pdf
037b0b5b-d94c-4e08-9f7d-17ca5438ced8,FL-354-QG,28d1ead8-b196-4a11-aa54-930d50646abe,PV de reprise.pdf,Autre,"Bonjour,

La partie « conducteur » est réservé au client, c’est à lui de le remplir non au valet. Merci de rectifier le document et de le charger dans la mission.",https://admin-api.popvalet.com/qualities/doc/download/28d1ead8-b196-4a11-aa54-930d50646abe/PV%20de%20reprise.pdf
08cde767-0122-47e5-bb35-7a6c3af99bfa,GA-127-AM,d15b4b83-6a34-45b9-a206-686ba5ef09a6,PV de reprise.pdf,Document incomplet ou non rempli,Merci de faire remplir tous les informations demandés dans le Pv de restitution,https://admin-api.popvalet.com/qualities/doc/download/d15b4b83-6a34-45b9-a206-686ba5ef09a6/PV%20de%20reprise.pdf
b150c491-dbec-4372-9a14-7cc3ca3a47d1,FY-915-LM,4ad0de6d-668c-4822-ba7d-0e4970573cd1,PV de restitution.jpeg,Autre,"Bonjour,

La partie « conducteur » est réservé au client, c’est à lui de le remplir non au valet. Merci de rectifier le document et de le charger dans la mission.",https://admin-api.popvalet.com/qualities/doc/download/4ad0de6d-668c-4822-ba7d-0e4970573cd1/PV%20de%20restitution.jpeg
5a350ac0-fc10-49df-8e01-6e661b2154e4,FJ-234-JT,50c0b67e-4005-4bd5-8223-79e3795c8181,PV de reprise.pdf,Autre,"Bonjour, la partie ""conducteur"" est réservé au client et non au valet. Merci de faire rectifier cela.",https://admin-api.popvalet.com/qualities/doc/download/50c0b67e-4005-4bd5-8223-79e3795c8181/PV%20de%20reprise.pdf
8da6e0a7-0000-49c1-8135-4e85d57e4879,EZ-542-KH,f867c8b8-bef7-4c50-a055-8590ac026a0e,pv reprise.jpg,"Absence date, mention, signature ou tampon","Bonjour, dans le Pv de restitution il manque le tampon et la signature dans la partie « le garage » merci de charger à nouveau le document une fois complété.
",https://admin-api.popvalet.com/qualities/doc/download/f867c8b8-bef7-4c50-a055-8590ac026a0e/pv%20reprise.jpg
874e22fb-ee46-4465-8b93-832baa1a95f4,FH-681-LZ,aa4aa754-6502-467f-9910-b678493b3956,Pv convoyeur.jpg,Autre,Ce n'est pas au valet mais au client de signer. Merci de rectifier cela.,https://admin-api.popvalet.com/qualities/doc/download/aa4aa754-6502-467f-9910-b678493b3956/Pv%20convoyeur.jpg
874e22fb-ee46-4465-8b93-832baa1a95f4,FH-681-LZ,189cde25-b34c-4d44-9431-5e7117f3cb6e,ARVAL Service Lease - PV restitution.pdf,Autre,Ce n'est pas au valet mais au client de signer. Merci de rectifier cela.,https://admin-api.popvalet.com/qualities/doc/download/189cde25-b34c-4d44-9431-5e7117f3cb6e/ARVAL%20Service%20Lease%20-%20PV%20restitution.pdf
e0ffba04-3c9e-4d3a-86b6-2df02c0a8948,FF-443-DA,31401def-8554-4aef-a4e2-1315787c22c8,PV de reprise.pdf,Autre,"Bonjour, la partie conducteur doit être remplie par le client. Merci de charger le document correctement complété dans la mission.
",https://admin-api.popvalet.com/qualities/doc/download/31401def-8554-4aef-a4e2-1315787c22c8/PV%20de%20reprise.pdf
0e787b8b-5e6f-4129-b044-98d4b39fb6fb,FF-495-RB,2f1bc8db-da41-4f30-bab9-f1a241f276f2,20230823_101857.jpg,Document illisible ou mal cadré,"Bonjour le Pv est illisible, tout est flou. Merci de le charger à nouveau.",https://admin-api.popvalet.com/qualities/doc/download/2f1bc8db-da41-4f30-bab9-f1a241f276f2/20230823_101857.jpg
87043372-e613-48ee-9eb5-9dd535648ce2,FH-129-VT,95e0f804-f043-49b5-85ba-cfa4ad9d8d15,ARVAL 1Office Lens.jpg,"Absence date, mention, signature ou tampon","Bonjour, dans le Pv de restitution il manque le tampon et la signauture dans la partie « le garage » merci de charger à nouveau le document une fois complété.",https://admin-api.popvalet.com/qualities/doc/download/95e0f804-f043-49b5-85ba-cfa4ad9d8d15/ARVAL%201Office%20Lens.jpg
87043372-e613-48ee-9eb5-9dd535648ce2,FH-129-VT,9d8b7740-e7ed-4c72-8dd7-bf7dfb82e443,PV reprise.jpg,Autre,"Bonjour,

La partie conducteur est réservé au client et non au valet.

Merci de rectifier et de nous retourner le bon document.",https://admin-api.popvalet.com/qualities/doc/download/9d8b7740-e7ed-4c72-8dd7-bf7dfb82e443/PV%20reprise.jpg
87043372-e613-48ee-9eb5-9dd535648ce2,FH-129-VT,cd693a8a-5573-4e99-b8e9-4071b0325f41,arval3Office Lens.jpg,Autre,"Bonjour,

La partie conducteur est réservé au client et non au valet.

Merci de rectifier et de nous retourner le bon document.",https://admin-api.popvalet.com/qualities/doc/download/cd693a8a-5573-4e99-b8e9-4071b0325f41/arval3Office%20Lens.jpg
572fed71-ead5-4e51-83dd-adefd11f91a3,FL-115-PN,1a15cd9b-353e-4400-a6fb-be110b53b7c1,Pv de restitution.pdf,Autre,"Bonjour, la partie ""conducteur"" doit être rempli par le client et pas le valet. Merci de charger le nouveau document dans la mission.",https://admin-api.popvalet.com/qualities/doc/download/1a15cd9b-353e-4400-a6fb-be110b53b7c1/Pv%20de%20restitution.pdf
96bfb45c-0cfc-4a09-a05d-6f176bbc0987,ET-679-SV,1a6dfc70-09db-43dd-8bee-7e2a0c0e3fed,PV restitution Arval .jpg,"Absence date, mention, signature ou tampon","Bonjour, dans le Pv de restitution il manque le tampon et la signature dans la partie « le garage » merci de charger à nouveau le document une fois complété.",https://admin-api.popvalet.com/qualities/doc/download/1a6dfc70-09db-43dd-8bee-7e2a0c0e3fed/PV%20restitution%20Arval%20.jpg
087cc578-8858-4b79-91d2-fbac82e169de,FF-404-LL,457ea444-a2c1-4b4c-b06d-7078a65209b5,Pv de restitution.jpg,"Absence date, mention, signature ou tampon","Bonjour, dans le Pv de restitution il manque le tampon et la signature dans la partie « le garage » merci de charger à nouveau le document une fois complété.",https://admin-api.popvalet.com/qualities/doc/download/457ea444-a2c1-4b4c-b06d-7078a65209b5/Pv%20de%20restitution.jpg
0bedb3fd-eaed-4d8d-b305-d6cee9786c05,GF-784-CM,dd8c303c-ca2f-4e78-91cd-0a6bdaaa543d,ARVAL PV.pdf,Document illisible ou mal cadré,Merci de charger le document à nouveau car le tampon est effacé.,https://admin-api.popvalet.com/qualities/doc/download/dd8c303c-ca2f-4e78-91cd-0a6bdaaa543d/ARVAL%20PV.pdf
0bedb3fd-eaed-4d8d-b305-d6cee9786c05,GF-784-CM,d5ad5bee-f4e7-4a81-b3a1-4d7210d2169d,PV ARVAL.jpg,Document incomplet ou non rempli,Il nous faut le nom et l’adresse précise du lieu de restitution (qui doit être un professionnel de l’automobile(garage)) : manquant sur le PV de restitution fourni. De plus le tampon est effacé.,https://admin-api.popvalet.com/qualities/doc/download/d5ad5bee-f4e7-4a81-b3a1-4d7210d2169d/PV%20ARVAL.jpg
828c0f55-9ed1-48d9-8c63-9c4ecd1d0793,FG-882-EW,aa71485f-5c69-427f-b389-e1a0c5c5e55d,PV.jpeg,"Absence date, mention, signature ou tampon","Bonjour, dans le Pv de restitution il manque le tampon et la signature dans la partie « le garage » merci de charger à nouveau le document une fois complété.",https://admin-api.popvalet.com/qualities/doc/download/aa71485f-5c69-427f-b389-e1a0c5c5e55d/PV.jpeg
1a73354e-8817-438e-aae5-1550a8a3e4a8,FH-639-SE,16eb3a3a-f722-4324-ba70-c4490d600165,Pv restitution.jpg,Document incomplet ou non rempli,"Il manque des informations ainsi que le tampon dans la partie ""conducteur"" réservé au client.",https://admin-api.popvalet.com/qualities/doc/download/16eb3a3a-f722-4324-ba70-c4490d600165/Pv%20restitution.jpg
f47a9893-cfe6-4faa-9156-3317f575260b,FA-580-FY,c526af65-cee5-4fcb-8f60-73aca87ced73,Pv de restitution.jpeg,"Absence date, mention, signature ou tampon","Bonjour, dans le Pv de restitution il manque le tampon et la signature dans la partie « le garage » merci de charger à nouveau le document une fois complété.
",https://admin-api.popvalet.com/qualities/doc/download/c526af65-cee5-4fcb-8f60-73aca87ced73/Pv%20de%20restitution.jpeg
51d1d291-55d2-455c-87f5-5ae3db0f5314,GA-296-FW,4763072b-535b-47ce-b9af-4b49ee8d297a,PV reprise GA296FW.pdf,"Absence date, mention, signature ou tampon","Bonjour, dans le Pv de restitution il manque le tampon  et la signature dans la partie « le garage » merci de charger à nouveau le document une fois complété.",https://admin-api.popvalet.com/qualities/doc/download/4763072b-535b-47ce-b9af-4b49ee8d297a/PV%20reprise%20GA296FW.pdf
0e6869b4-0dfe-4b79-98bf-1177122757dd,FJ-324-KV,0f62ab68-c7e2-4a00-98c5-5ebdfeb1139c,PV de reprise.pdf,"Absence date, mention, signature ou tampon","Bonjour, dans le Pv de restitution il manque la signature dans la partie « le garage » merci de charger à nouveau le document une fois complété.",https://admin-api.popvalet.com/qualities/doc/download/0f62ab68-c7e2-4a00-98c5-5ebdfeb1139c/PV%20de%20reprise.pdf
fc9575a7-de42-4c17-9652-50464e9a02b3,EQ-431-AP,9e66fcde-8332-414b-9897-526492aa0ab7,pv de restitution arval X1 .pdf,"Absence date, mention, signature ou tampon","Bonjour, il manque la signature dans l'encadré en haut à gauche. Merci de rectifier le document et de le charger à nouveau",https://admin-api.popvalet.com/qualities/doc/download/9e66fcde-8332-414b-9897-526492aa0ab7/pv%20de%20restitution%20arval%20X1%20.pdf
e470de62-6c2a-404b-ae85-41c840a646a7,FK-246-VW,9cb87449-6950-4598-860f-9c1dc0768339,Pv réception.pdf,Document illisible ou mal cadré,"Le Pv de réception est illisible, l'écriture est effacé. Merci de le charger à nouveau.",https://admin-api.popvalet.com/qualities/doc/download/9cb87449-6950-4598-860f-9c1dc0768339/Pv%20r%C3%A9ception.pdf
4281ece8-a6da-41fe-a548-ea2eab7aa62f,EP-707-TT,c1a74b8e-0a56-4312-bbdc-c3fc6536d7e0,PV de restitution.jpeg,Autre,"Bonjour, il manque le PV de restitution",https://admin-api.popvalet.com/qualities/doc/download/c1a74b8e-0a56-4312-bbdc-c3fc6536d7e0/PV%20de%20restitution.jpeg
6c199194-b225-4588-9f53-d94dcb6ff474,FT-172-VD,db17bd64-c789-4299-a308-e4e33855a865,Bus retour .pdf,Autre,Ce n'est pas le bon endroit pour charger les frais,https://admin-api.popvalet.com/qualities/doc/download/db17bd64-c789-4299-a308-e4e33855a865/Bus%20retour%20.pdf
63b08ab9-bf84-4e19-8501-552877a27388,FE-480-WH,3efab27a-bcda-4314-8ba6-de9fe58dc1bd,PV de livraison.jpeg,Autre,Ce doc ne corresponds pas à la mission,https://admin-api.popvalet.com/qualities/doc/download/3efab27a-bcda-4314-8ba6-de9fe58dc1bd/PV%20de%20livraison.jpeg
c83c7648-0c10-4997-abbe-3a70d00c2018,FK-307-DQ,748a6808-4ba6-45c6-afbf-bcb543f18a5f,IMG_02631.jpg,Autre,Ce document ne correspond pas à la mission,https://admin-api.popvalet.com/qualities/doc/download/748a6808-4ba6-45c6-afbf-bcb543f18a5f/IMG_02631.jpg
cca0de5f-3a6c-4738-bff6-240ee4e13de7,FD-652-DJ,dcf81ed8-dc92-429e-ae92-06209559358f,Pv de restitution .jpg,Autre,"Le document ne correspond pas à la mission, merci de charger le bon PV de restitution",https://admin-api.popvalet.com/qualities/doc/download/dcf81ed8-dc92-429e-ae92-06209559358f/Pv%20de%20restitution%20.jpg
51cf7f21-12fa-48b8-9314-2f79d30af976,FK-429-PF,29fa780e-655f-4970-9d0b-3abe9b45bd68,PV de reprise M51cf7f21.pdf,Document illisible ou mal cadré,Pourquoi le document est cadré de la sorte? Merci de faire le nécessaire,https://admin-api.popvalet.com/qualities/doc/download/29fa780e-655f-4970-9d0b-3abe9b45bd68/PV%20de%20reprise%20M51cf7f21.pdf
